<?xml version="1.0" encoding="UTF-8"?>  
  
<beans xmlns="http://www.springframework.org/schema/beans"  
 xmlns:xsi="http://www.w3.org/2001/XMLSchema-instance" xmlns:p="http://www.springframework.org/schema/p"  
 xmlns:context="http://www.springframework.org/schema/context"  
 xsi:schemaLocation="http://www.springframework.org/schema/beans  
  
http://www.springframework.org/schema/beans/spring-beans-3.0.xsd  
http://www.springframework.org/schema/context  
http://www.springframework.org/schema/context/spring-context-3.0.xsd">  
  
 <context:component-scan base-package="com.amdocs.tmo" />
 <bean id="viewResolver"  
  class="org.springframework.web.servlet.view.UrlBasedViewResolver">  
  
  <property name="viewClass"  
   value="org.springframework.web.servlet.view.JstlView" />  
  <property name="prefix" value="/WEB-INF/jsp/" />  
  <property name="suffix" value=".jsp" />  
  </bean>  
  
    <!-- Configure the multipart resolver -->
	<bean id="multipartResolver"
		class="org.springframework.web.multipart.commons.CommonsMultipartResolver">
		<property name="maxUploadSize" value="100000" />
		<property name="uploadTempDir" ref="uploadDirResource" />
	</bean>

	<bean id="uploadDirResource" class="org.springframework.core.io.FileSystemResource">
		<constructor-arg>
			<value>C:/upload_test</value>
		</constructor-arg>
	</bean>
	
</beans> 