<?xml version="1.0" encoding="UTF-8" ?>

<!DOCTYPE tiles-definitions PUBLIC
       "-//Apache Software Foundation//DTD Tiles Configuration 2.0//EN"
       "http://tiles.apache.org/dtds/tiles-config_2_0.dtd">

<tiles-definitions>
	<definition name="base.definition"
		template="/WEB-INF/jsp/layout.jsp">
		<put-attribute name="title" value="" />
		<put-attribute name="header" value="/WEB-INF/jsp/header.jsp" />
		<put-attribute name="menu" value="/WEB-INF/jsp/menu.jsp" />
		<put-attribute name="body" value="" />
		<put-attribute name="footer" value="/WEB-INF/jsp/footer.jsp" />
	</definition>
	<definition name="contact" extends="base.definition">
		<put-attribute name="title" value="Contact Manager" />
		<put-attribute name="body" value="/WEB-INF/jsp/contact.jsp" />
	</definition>

	<definition name="AddUser" extends="base.definition">
		<put-attribute name="title" value="Contact Manager" />
		<put-attribute name="body" value="/WEB-INF/jsp/AddUser.jsp"/>
	</definition>
	
	<definition name="fetchcode" extends="base.definition">
		<put-attribute name="title" value="Fetch Code" />
		<put-attribute name="body" value="/WEB-INF/jsp/fetchcode.jsp"/>
	</definition>
	<definition name="fetchcodelog" extends="base.definition">
		<put-attribute name="title" value="Fetch Log" />
		<put-attribute name="body" value="/WEB-INF/jsp/fetchcodelog.jsp"/>
	</definition>
	
	<definition name="consoleurllog" extends="base.definition">
		<put-attribute name="title" value="Consoleurl Log" />
		<put-attribute name="body" value="/WEB-INF/jsp/consoleurllog.jsp"/>
	</definition>
	<definition name="consoleurl" extends="base.definition">
		<put-attribute name="title" value="Console URL" />
		<put-attribute name="body" value="/WEB-INF/jsp/consoleurl.jsp"/>
	</definition>
	
	<definition name="codedrop" extends="base.definition">
		<put-attribute name="title" value="Code Drop" />
		<put-attribute name="body" value="/WEB-INF/jsp/codedrop.jsp"/>
	</definition>
	<definition name="codedroplog" extends="base.definition">
		<put-attribute name="title" value="Codedrop Log" />
		<put-attribute name="body" value="/WEB-INF/jsp/codedroplog.jsp"/>
	</definition>
	
	<definition name="bounce" extends="base.definition">
		<put-attribute name="title" value="Bounce" />
		<put-attribute name="body" value="/WEB-INF/jsp/bounce.jsp"/>
	</definition>
	<definition name="bouncelog" extends="base.definition">
		<put-attribute name="title" value="Bounce Log" />
		<put-attribute name="body" value="/WEB-INF/jsp/bouncelog.jsp"/>
	</definition>
	
	<definition name="trueup" extends="base.definition">
		<put-attribute name="title" value="True Up" />
		<put-attribute name="body" value="/WEB-INF/jsp/trueup.jsp" />
	</definition>
	<definition name="trueuplog" extends="base.definition">
		<put-attribute name="title" value="Trueup Log" />
		<put-attribute name="body" value="/WEB-INF/jsp/trueuplog.jsp"/>
	</definition>
	
	<definition name="suggestion" extends="base.definition">
		<put-attribute name="title" value="Suggestion Box" />
		<put-attribute name="body" value="/WEB-INF/jsp/suggestion.jsp"/>
	</definition>
	
	<definition name="suggestionlog" extends="base.definition">
		<put-attribute name="title" value="Suggestion Log" />
		<put-attribute name="body" value="/WEB-INF/jsp/suggestionlog.jsp"/>
	</definition>
</tiles-definitions>